qwe123,whiteObserver,852 
asfasf,whiteObserver,852 
1q2w3e123,whiteObserver,852 
aa,whiteObserver,852 
ab,whiteObserver,852 
bigtyno,whiteObserver,852 
jstest,whiteObserver,852 
aaa,whiteObserver,852 
aaa11,whiteObserver,852 
choisus,whiteObserver,852 
sorryjs,whiteObserver,852 
seungho,whiteObserver,852 
sanghukj,whiteObserver,852 
yuns,whiteObserver,852 
goomok,whiteObserver,852 
paran22,whiteObserver,852 
wonjae0709,whiteObserver,852 
123cjstj,whiteObserver,852 
asdf1234,whiteObserver,852 
kopite93,whiteObserver,852 
oioi1234,whiteObserver,852 
aaa111,whiteObserver,852 
hgu5141,whiteObserver,852 
pootter,whiteObserver,852 
addd,whiteObserver,852 
phjun0324,whiteObserver,852 
chlrbdnjs7,whiteObserver,852 
jin12,whiteObserver,852 
ghkdiwl,whiteObserver,852 
goo,whiteObserver,852 
1,whiteObserver,852 
2,whiteObserver,852 
3,whiteObserver,852 
4,whiteObserver,852 
5,whiteObserver,852 
6,whiteObserver,852 
7,whiteObserver,852 
8,whiteObserver,852 
9,whiteObserver,852 
10,whiteObserver,852 
11,whiteObserver,852 
12,whiteObserver,852 
13,whiteObserver,852 
14,whiteObserver,852 
15,whiteObserver,852 
16,whiteObserver,852 
17,whiteObserver,852 
18,whiteObserver,852 
19,whiteObserver,852 
20,whiteObserver,852 
21,whiteObserver,852 
22,whiteObserver,852 
23,whiteObserver,852 
24,whiteObserver,852 
25,whiteObserver,852 
26,whiteObserver,852 
27,whiteObserver,852 
28,whiteObserver,852 
29,whiteObserver,852 
30,whiteObserver,852 
31,whiteObserver,852 
32,whiteObserver,852 
33,whiteObserver,852 
34,whiteObserver,852 
35,whiteObserver,852 
36,whiteObserver,852 
37,whiteObserver,852 
38,whiteObserver,852 
39,whiteObserver,852 
40,whiteObserver,852 
41,whiteObserver,852 
42,whiteObserver,852 
43,whiteObserver,852 
44,whiteObserver,852 
45,whiteObserver,852 
46,whiteObserver,852 
47,whiteObserver,852 
48,whiteObserver,852 
494,whiteObserver,852 
50,whiteObserver,852 
51,whiteObserver,852 
52,whiteObserver,852 
53,whiteObserver,852 
54,whiteObserver,852 
55,whiteObserver,852 
56,whiteObserver,852 
57,whiteObserver,852 
58,whiteObserver,852 
59,whiteObserver,852 
60,whiteObserver,852 
61,whiteObserver,852 
62,whiteObserver,852 
63,whiteObserver,852 
64,whiteObserver,852 
65,whiteObserver,852 
66,whiteObserver,852 
67,whiteObserver,852 
68,whiteObserver,852 
69,whiteObserver,852 
870,whiteObserver,852 
111,whiteObserver,852
122,whiteObserver,852
134,whiteObserver,852
skfj,whiteObserver,852
wekjsdkj,whiteObserver,852
fskdjfklsjdf,whiteObserver,852
sdfkjsdf,whiteObserver,852
sdfkjsdfsdfsfe,whiteObserver,852
serwerqwer,whiteObserver,852
asdfdvx,whiteObserver,852
dfsfd,whiteObserver,852
123s1,whiteObserver,852
s21s31s4,whiteObserver,852
s5s2351,whiteObserver,852
s151s,whiteObserver,852
1s51s1,whiteObserver,852
s51s15s1s,whiteObserver,852
66d7d7d,whiteObserver,852
d8d9d9,whiteObserver,852
f9f8d7,whiteObserver,852
s7a7d8d,whiteObserver,852
d9f9fs7,whiteObserver,852
d7d7d8,whiteObserver,852
05fk054f,whiteObserver,852
4f45,whiteObserver,852
f6kt0t,whiteObserver,852
sdfkjsdfwpj1,whiteObserver,852
32ij4,whiteObserver,852
1990t,whiteObserver,852
9ti5t,whiteObserver,852
4g3,whiteObserver,852
76h3,whiteObserver,852
9k9g3,whiteObserver,852
9m9m3d,whiteObserver,852
200ls2,whiteObserver,852
1iji2s,whiteObserver,852
213r,whiteObserver,852
44fd5,whiteObserver,852
9m09et,whiteObserver,852
d5kkjsdf0,whiteObserver,852
324od2,whiteObserver,852
05fk054ff2,whiteObserver,852
3f02fjp2f,whiteObserver,852
02jjd1,whiteObserver,852
1904ijds,whiteObserver,852
1904dskjf,whiteObserver,852
59jtl,whiteObserver,852
r0jdi5,whiteObserver,852
h75opoi,whiteObserver,852
5hoilfj4,whiteObserver,852
f3nk6i,whiteObserver,852
3i7nk5,whiteObserver,852
39ofjmnb3,whiteObserver,852
c3mokf,whiteObserver,852
o5kfn67ij3,whiteObserver,852
f4j6ofk3nf,whiteObserver,852
2of4j91f,whiteObserver,852
2n3if94,whiteObserver,852
3jf293f0,whiteObserver,852
1k2fi2u3,whiteObserver,852
f3i2o4059,whiteObserver,852
3kj4jnnv,whiteObserver,852
3vnvkc,whiteObserver,852
nvj2j4v2,whiteObserver,852
4iv59x,whiteObserver,852
3k491nnx,whiteObserver,852
2k34jd9jvn,whiteObserver,852
3k4jid8c,whiteObserver,852
3k4jd901,whiteObserver,852
cjsf9s,whiteObserver,852
d3d6m,whiteObserver,852
dkgjfdg9,whiteObserver,852
dkjsko10s,whiteObserver,852
akjdfsi94,whiteObserver,852
skdjfks94,whiteObserver,852
skdjfksnfv,whiteObserver,852
akndsb3,whiteObserver,852
wiur04,whiteObserver,852
kjsf884,whiteObserver,852
ksfjk2oo,whiteObserver,852
kjfksl12,whiteObserver,852
12k1jk1,whiteObserver,852
1kj3kj4l,whiteObserver,852
54kj35n2l5m,whiteObserver,852
4j36l6,whiteObserver,852
36l36hj,whiteObserver,852
26j2l6n2,whiteObserver,852
1jo1j42,whiteObserver,852
53lj53n70,whiteObserver,852
235jo2j582,whiteObserver,852
j2o5n2l59,whiteObserver,852
14jo2j43n,whiteObserver,852
42jl24jln32,whiteObserver,852
36jl3463,whiteObserver,852
52jo42j2,whiteObserver,852
14jo2j43n24n125,whiteObserver,852
25jl25m35n,whiteObserver,852
25j2o5jo35m6,whiteObserver,852
2j42l56n36,whiteObserver,852
25jl3jl636,whiteObserver,852
qwe123,whiteObserver,853 
asfasf,whiteObserver,853 
1q2w3e123,whiteObserver,853 
aa,whiteObserver,853 
ab,whiteObserver,853 
bigtyno,whiteObserver,853 
jstest,whiteObserver,853 
aaa,whiteObserver,853 
aaa11,whiteObserver,853 
choisus,whiteObserver,853 
sorryjs,whiteObserver,853 
seungho,whiteObserver,853 
sanghukj,whiteObserver,853 
yuns,whiteObserver,853 
goomok,whiteObserver,853 
paran22,whiteObserver,853 
wonjae0709,whiteObserver,853 
123cjstj,whiteObserver,853 
asdf1234,whiteObserver,853 
kopite93,whiteObserver,853 
oioi1234,whiteObserver,853 
aaa111,whiteObserver,853 
hgu5141,whiteObserver,853 
pootter,whiteObserver,853 
addd,whiteObserver,853 
phjun0324,whiteObserver,853 
chlrbdnjs7,whiteObserver,853 
jin12,whiteObserver,853 
ghkdiwl,whiteObserver,853 
goo,whiteObserver,853 
1,whiteObserver,853 
2,whiteObserver,853 
3,whiteObserver,853 
4,whiteObserver,853 
5,whiteObserver,853 
6,whiteObserver,853 
7,whiteObserver,853 
8,whiteObserver,853 
9,whiteObserver,853 
10,whiteObserver,853 
11,whiteObserver,853 
12,whiteObserver,853 
13,whiteObserver,853 
14,whiteObserver,853 
15,whiteObserver,853 
16,whiteObserver,853 
17,whiteObserver,853 
18,whiteObserver,853 
19,whiteObserver,853 
20,whiteObserver,853 
21,whiteObserver,853 
22,whiteObserver,853 
23,whiteObserver,853 
24,whiteObserver,853 
25,whiteObserver,853 
26,whiteObserver,853 
27,whiteObserver,853 
28,whiteObserver,853 
29,whiteObserver,853 
30,whiteObserver,853 
31,whiteObserver,853 
32,whiteObserver,853 
33,whiteObserver,853 
34,whiteObserver,853 
35,whiteObserver,853 
36,whiteObserver,853 
37,whiteObserver,853 
38,whiteObserver,853 
39,whiteObserver,853 
40,whiteObserver,853 
41,whiteObserver,853 
42,whiteObserver,853 
43,whiteObserver,853 
44,whiteObserver,853 
45,whiteObserver,853 
46,whiteObserver,853 
47,whiteObserver,853 
48,whiteObserver,853 
494,whiteObserver,853 
50,whiteObserver,853 
51,whiteObserver,853 
52,whiteObserver,853 
53,whiteObserver,853 
54,whiteObserver,853 
55,whiteObserver,853 
56,whiteObserver,853 
57,whiteObserver,853 
58,whiteObserver,853 
59,whiteObserver,853 
60,whiteObserver,853 
61,whiteObserver,853 
62,whiteObserver,853 
63,whiteObserver,853 
64,whiteObserver,853 
65,whiteObserver,853 
66,whiteObserver,853 
67,whiteObserver,853 
68,whiteObserver,853 
69,whiteObserver,853 
870,whiteObserver,853 
111,whiteObserver,853
122,whiteObserver,853
134,whiteObserver,853
skfj,whiteObserver,853
wekjsdkj,whiteObserver,853
fskdjfklsjdf,whiteObserver,853
sdfkjsdf,whiteObserver,853
sdfkjsdfsdfsfe,whiteObserver,853
serwerqwer,whiteObserver,853
asdfdvx,whiteObserver,853
dfsfd,whiteObserver,853
123s1,whiteObserver,853
s21s31s4,whiteObserver,853
s5s2351,whiteObserver,853
s151s,whiteObserver,853
1s51s1,whiteObserver,853
s51s15s1s,whiteObserver,853
66d7d7d,whiteObserver,853
d8d9d9,whiteObserver,853
f9f8d7,whiteObserver,853
s7a7d8d,whiteObserver,853
d9f9fs7,whiteObserver,853
d7d7d8,whiteObserver,853
05fk054f,whiteObserver,853
4f45,whiteObserver,853
f6kt0t,whiteObserver,853
sdfkjsdfwpj1,whiteObserver,853
32ij4,whiteObserver,853
1990t,whiteObserver,853
9ti5t,whiteObserver,853
4g3,whiteObserver,853
76h3,whiteObserver,853
9k9g3,whiteObserver,853
9m9m3d,whiteObserver,853
200ls2,whiteObserver,853
1iji2s,whiteObserver,853
213r,whiteObserver,853
44fd5,whiteObserver,853
9m09et,whiteObserver,853
d5kkjsdf0,whiteObserver,853
324od2,whiteObserver,853
05fk054ff2,whiteObserver,853
3f02fjp2f,whiteObserver,853
02jjd1,whiteObserver,853
1904ijds,whiteObserver,853
1904dskjf,whiteObserver,853
59jtl,whiteObserver,853
r0jdi5,whiteObserver,853
h75opoi,whiteObserver,853
5hoilfj4,whiteObserver,853
f3nk6i,whiteObserver,853
3i7nk5,whiteObserver,853
39ofjmnb3,whiteObserver,853
c3mokf,whiteObserver,853
o5kfn67ij3,whiteObserver,853
f4j6ofk3nf,whiteObserver,853
2of4j91f,whiteObserver,853
2n3if94,whiteObserver,853
3jf293f0,whiteObserver,853
1k2fi2u3,whiteObserver,853
f3i2o4059,whiteObserver,853
3kj4jnnv,whiteObserver,853
3vnvkc,whiteObserver,853
nvj2j4v2,whiteObserver,853
4iv59x,whiteObserver,853
3k491nnx,whiteObserver,853
2k34jd9jvn,whiteObserver,853
3k4jid8c,whiteObserver,853
3k4jd901,whiteObserver,853
cjsf9s,whiteObserver,853
d3d6m,whiteObserver,853
dkgjfdg9,whiteObserver,853
dkjsko10s,whiteObserver,853
akjdfsi94,whiteObserver,853
skdjfks94,whiteObserver,853
skdjfksnfv,whiteObserver,853
akndsb3,whiteObserver,853
wiur04,whiteObserver,853
kjsf884,whiteObserver,853
ksfjk2oo,whiteObserver,853
kjfksl12,whiteObserver,853
12k1jk1,whiteObserver,853
1kj3kj4l,whiteObserver,853
54kj35n2l5m,whiteObserver,853
4j36l6,whiteObserver,853
36l36hj,whiteObserver,853
26j2l6n2,whiteObserver,853
1jo1j42,whiteObserver,853
53lj53n70,whiteObserver,853
235jo2j582,whiteObserver,853
j2o5n2l59,whiteObserver,853
14jo2j43n,whiteObserver,853
42jl24jln32,whiteObserver,853
36jl3463,whiteObserver,853
52jo42j2,whiteObserver,853
14jo2j43n24n125,whiteObserver,853
25jl25m35n,whiteObserver,853
25j2o5jo35m6,whiteObserver,853
2j42l56n36,whiteObserver,853
25jl3jl636,whiteObserver,853
qwe123,whiteObserver,854 
asfasf,whiteObserver,854 
1q2w3e123,whiteObserver,854 
aa,whiteObserver,854 
ab,whiteObserver,854 
bigtyno,whiteObserver,854 
jstest,whiteObserver,854 
aaa,whiteObserver,854 
aaa11,whiteObserver,854 
choisus,whiteObserver,854 
sorryjs,whiteObserver,854 
seungho,whiteObserver,854 
sanghukj,whiteObserver,854 
yuns,whiteObserver,854 
goomok,whiteObserver,854 
paran22,whiteObserver,854 
wonjae0709,whiteObserver,854 
123cjstj,whiteObserver,854 
asdf1234,whiteObserver,854 
kopite93,whiteObserver,854 
oioi1234,whiteObserver,854 
aaa111,whiteObserver,854 
hgu5141,whiteObserver,854 
pootter,whiteObserver,854 
addd,whiteObserver,854 
phjun0324,whiteObserver,854 
chlrbdnjs7,whiteObserver,854 
jin12,whiteObserver,854 
ghkdiwl,whiteObserver,854 
goo,whiteObserver,854 
1,whiteObserver,854 
2,whiteObserver,854 
3,whiteObserver,854 
4,whiteObserver,854 
5,whiteObserver,854 
6,whiteObserver,854 
7,whiteObserver,854 
8,whiteObserver,854 
9,whiteObserver,854 
10,whiteObserver,854 
11,whiteObserver,854 
12,whiteObserver,854 
13,whiteObserver,854 
14,whiteObserver,854 
15,whiteObserver,854 
16,whiteObserver,854 
17,whiteObserver,854 
18,whiteObserver,854 
19,whiteObserver,854 
20,whiteObserver,854 
21,whiteObserver,854 
22,whiteObserver,854 
23,whiteObserver,854 
24,whiteObserver,854 
25,whiteObserver,854 
26,whiteObserver,854 
27,whiteObserver,854 
28,whiteObserver,854 
29,whiteObserver,854 
30,whiteObserver,854 
31,whiteObserver,854 
32,whiteObserver,854 
33,whiteObserver,854 
34,whiteObserver,854 
35,whiteObserver,854 
36,whiteObserver,854 
37,whiteObserver,854 
38,whiteObserver,854 
39,whiteObserver,854 
40,whiteObserver,854 
41,whiteObserver,854 
42,whiteObserver,854 
43,whiteObserver,854 
44,whiteObserver,854 
45,whiteObserver,854 
46,whiteObserver,854 
47,whiteObserver,854 
48,whiteObserver,854 
494,whiteObserver,854 
50,whiteObserver,854 
51,whiteObserver,854 
52,whiteObserver,854 
53,whiteObserver,854 
54,whiteObserver,854 
55,whiteObserver,854 
56,whiteObserver,854 
57,whiteObserver,854 
58,whiteObserver,854 
59,whiteObserver,854 
60,whiteObserver,854 
61,whiteObserver,854 
62,whiteObserver,854 
63,whiteObserver,854 
64,whiteObserver,854 
65,whiteObserver,854 
66,whiteObserver,854 
67,whiteObserver,854 
68,whiteObserver,854 
69,whiteObserver,854 
870,whiteObserver,854 
111,whiteObserver,854
122,whiteObserver,854
134,whiteObserver,854
skfj,whiteObserver,854
wekjsdkj,whiteObserver,854
fskdjfklsjdf,whiteObserver,854
sdfkjsdf,whiteObserver,854
sdfkjsdfsdfsfe,whiteObserver,854
serwerqwer,whiteObserver,854
asdfdvx,whiteObserver,854
dfsfd,whiteObserver,854
123s1,whiteObserver,854
s21s31s4,whiteObserver,854
s5s2351,whiteObserver,854
s151s,whiteObserver,854
1s51s1,whiteObserver,854
s51s15s1s,whiteObserver,854
66d7d7d,whiteObserver,854
d8d9d9,whiteObserver,854
f9f8d7,whiteObserver,854
s7a7d8d,whiteObserver,854
d9f9fs7,whiteObserver,854
d7d7d8,whiteObserver,854
05fk054f,whiteObserver,854
4f45,whiteObserver,854
f6kt0t,whiteObserver,854
sdfkjsdfwpj1,whiteObserver,854
32ij4,whiteObserver,854
1990t,whiteObserver,854
9ti5t,whiteObserver,854
4g3,whiteObserver,854
76h3,whiteObserver,854
9k9g3,whiteObserver,854
9m9m3d,whiteObserver,854
200ls2,whiteObserver,854
1iji2s,whiteObserver,854
213r,whiteObserver,854
44fd5,whiteObserver,854
9m09et,whiteObserver,854
d5kkjsdf0,whiteObserver,854
324od2,whiteObserver,854
05fk054ff2,whiteObserver,854
3f02fjp2f,whiteObserver,854
02jjd1,whiteObserver,854
1904ijds,whiteObserver,854
1904dskjf,whiteObserver,854
59jtl,whiteObserver,854
r0jdi5,whiteObserver,854
h75opoi,whiteObserver,854
5hoilfj4,whiteObserver,854
f3nk6i,whiteObserver,854
3i7nk5,whiteObserver,854
39ofjmnb3,whiteObserver,854
c3mokf,whiteObserver,854
o5kfn67ij3,whiteObserver,854
f4j6ofk3nf,whiteObserver,854
2of4j91f,whiteObserver,854
2n3if94,whiteObserver,854
3jf293f0,whiteObserver,854
1k2fi2u3,whiteObserver,854
f3i2o4059,whiteObserver,854
3kj4jnnv,whiteObserver,854
3vnvkc,whiteObserver,854
nvj2j4v2,whiteObserver,854
4iv59x,whiteObserver,854
3k491nnx,whiteObserver,854
2k34jd9jvn,whiteObserver,854
3k4jid8c,whiteObserver,854
3k4jd901,whiteObserver,854
cjsf9s,whiteObserver,854
d3d6m,whiteObserver,854
dkgjfdg9,whiteObserver,854
dkjsko10s,whiteObserver,854
akjdfsi94,whiteObserver,854
skdjfks94,whiteObserver,854
skdjfksnfv,whiteObserver,854
akndsb3,whiteObserver,854
wiur04,whiteObserver,854
kjsf884,whiteObserver,854
ksfjk2oo,whiteObserver,854
kjfksl12,whiteObserver,854
12k1jk1,whiteObserver,854
1kj3kj4l,whiteObserver,854
54kj35n2l5m,whiteObserver,854
4j36l6,whiteObserver,854
36l36hj,whiteObserver,854
26j2l6n2,whiteObserver,854
1jo1j42,whiteObserver,854
53lj53n70,whiteObserver,854
235jo2j582,whiteObserver,854
j2o5n2l59,whiteObserver,854
14jo2j43n,whiteObserver,854
42jl24jln32,whiteObserver,854
36jl3463,whiteObserver,854
52jo42j2,whiteObserver,854
14jo2j43n24n125,whiteObserver,854
25jl25m35n,whiteObserver,854
25j2o5jo35m6,whiteObserver,854
2j42l56n36,whiteObserver,854
25jl3jl636,whiteObserver,854